3953,GzhL3P9
4510,0lXwgAd
5591,Ejb3WUE
3259,hpYpdls
1092,UADbHEH
4082,VJtwkl7
5473,zbOZb58
1546,CUXZFTY
2541,bMkRoQw
4817,f8beqQm
5251,VzZa8iE
1313,i2umJNg
4842,8kYTEzn
1176,oY8AtcR
5640,0hH76nd
5575,5oKuznP
1824,RTPNKF8
2372,VrUWNW0
3175,nPWNfXh
4831,McXnmwc
3171,pEc3evd
3234,T5h9h9P
5086,Lx9cm3s
2559,6rrk0TO
1899,vSzA0DJ
1439,DsEimdA
4383,DFMgZud
1933,rGG6j21
4046,v1mtkDS
5342,a1jmbO4
4359,WoPEx3k
4563,TSdNWdz
5861,zz0wu1O
2678,pU42iRc
2066,C0rrpCa
2504,XxiJQei
1759,8uOiTFo
4965,WQhiiYe
2126,l8lBIh4
3320,j5rT0TU
3651,YDcG4Hw
5031,eUCcnEc
3990,EY9TNNN
3943,yY4zHXZ
3104,U108YaA
2590,k7TsUXy
4261,L5tVBOi
5255,v2kctQp
2309,AQoOX4k
5134,OZqsSAg
4973,RvfLZT5
4209,AGUrAgN
2985,hvzYIdw
5384,tjghGVe
3049,lDAvOk4
5168,m77KQmb
3553,CPj0Y8P
4567,7ZOF6MQ
4369,Frng0lH
1369,bSFSqDa
2043,yqvCwTc
5896,c8PBoPI
2160,cnLWovw
4323,y8bpOTx
4922,d8EqkcL
1928,ckkP1Pz
4989,9VLP6E9
5312,YITK1xJ
2560,IQ3REUP
1290,dcMJY5Y
1709,UO1mtcw
3715,ktFt9cQ
5492,hI7whir
2130,pMjrH3h
5369,DsliGLp
4863,MHCAMFI
2329,NtlBWsK
3055,t7ZwxWL
2106,ThkLFnJ
5043,RVe1KX9
4192,MMGoF05
3994,jFSpWNq
3128,x2VWmLQ
2671,eWQMnPD
5890,vZabtS2
3406,9OmSAXE
4143,3jSnhHX
5376,tspExSB
1084,DMM3e2O
1327,oEgY4aq
2580,oqqoysH
4007,7wdZk1c
2897,ZCX0YIS
2136,7EiMHfy
5453,AQvTdRi
2939,vXPLIKa
2756,gK3OHUi
3495,ihesdp7
2421,DXrOgCX
5728,cSUCeVT
3098,b7Co3Rg
2770,zYTN7N3
2754,EYKNiNa
2714,J9NwOIX
5710,1wrysBW
2217,rCUo6a3
5175,4CT6wjg
4612,86cDov8
2466,yN0eBMW
4409,wPNhuZu
2285,57rNxZ5
2885,F4Fm6tb
3443,voBrjXF
5952,QLGcL5q
4889,mAqfo6r
2196,ryz3iIP
1543,OPJwPV1
5197,lM1O7i8
2137,fwszRuv
3216,8caNIPP
1178,6m7mIhP
3311,5wCNTwL
4080,gRX3oBL
5969,3SlXyMb
5045,paKGGdb
1923,bQm6QHH
1619,CibWBRi
3264,UJX3Ybn
2167,C5Pn03i
2120,LCGuBBk
1640,dWGi0lO
2930,Z6F11El
2162,arMQ36p
2592,YxUfqmK
1219,whKPY0c
5366,pwLnjL9
1074,zDsLFYP
2582,03zyc68
1914,lrkPuyB
5847,uEHjIBK
5883,dXN7lPu
3745,jUHyByX
1492,TmkI2SG
3827,qjLiUcl
1169,6MOddAO
1522,eNoyFyq
1945,0qlUT12
5204,JoCKfRo
1285,jFJVpDp
3849,WBSvMvH
2465,75X0Pye
1818,u9G6bLC
3448,Y5Ugq3c
1080,uqMc2GO
5868,WUkLmR7
3739,07rEUCe
2488,9ovea64
5484,oEh8qY0
2629,kV13s6G
5325,NCkTFHI
3721,dot9RjO
5744,pHJKs2h
5805,4HK6KLB
4156,chhGEnk
4699,rW5QqxU
5242,RlBHkfZ
4596,YQidwV8
1542,hdS0D6P
3130,cq1bttI
2762,vygNqcH
2363,Yinb4Y0
3205,tyOOscn
5111,U0UhVmg
3407,ZlXymwS
5565,5RhBGw3
3084,maUk7M4
3901,YBq2HPV
5406,P4XoI39
1863,Q56U558
4837,2TAnxAX
5862,san5Y8I
2919,kHzqHW9
3709,Vm7b4XW
3629,LIcHfgq
5152,L3Z6Puh
2918,mo51u3Q
1512,KqPRKPt
3520,qDNb8D6
3246,bFAL6xJ
1736,udchP44
4041,wgUYngv
4513,inmDYrP
3997,w1b9c0s
1495,E4Ye66O
3087,zj9tNAW
2486,7WzWea3
4190,3zqgnr2
2821,hhZdGMa
4367,ATEpudX
4549,bW68K7X
2951,uohabbN
2284,4cvMnZw
4780,CZdebBW
2398,L3Q5usw
3899,NDr4YOO
1009,Od1zIYl
4134,G4UuSnc
5214,raD5ZvI
1075,PmroaFZ
3248,HUUWLLk
4075,e2o9VMw
1787,nFbuDOW
5435,omo7XrI
3728,eyzvqbv
3379,7W7MsNI
4208,a8io9TP
3119,RU0ucpL
2266,Azy5EWq
3536,Lt4S30s
1860,KsyA2MS
5720,kuzen5b
2011,nDS8rDd
1825,7LT6aXp
2017,9pzH3M6
1529,BX71v4g
2420,VVVREqU
2856,V266dyw
4802,QBkTD7T
2748,9zomC8F
2962,bNxb8mW
2902,L6ggGhm
4862,eN1U64y
2440,XdhNhUU
2794,DfUX6MV
1158,Dg8lO9d
4938,082XBYM
1674,cszYHZH
3611,d7TLhBQ
2725,ZsaDATf
5261,LxPMJES
5026,tTZHmX4
4152,H5ONoCz
4533,7KxVd6C
4575,ZRd5Obh
2727,oKHENRq
5754,3If11oy
2172,rW4BrY4
2236,O2eEJzE
2719,HNiaYSb
3163,56d7xCg
4497,nhfZTz8
4702,6lWbru1
2103,GWHrtdX
3933,r83BA3q
1271,h0QL3wL
2238,Y42W9eF
1587,d1N8DEg
1203,xhgehF3
3918,DhVKNBV
5645,jRtZfGy
5967,7W3YXUb
4254,vpPRlsa
2665,c5y8bmR
2151,Fcs8UmO
5596,WiR0qVx
2308,qh6K5rD
5447,GlT8R1n
1735,mDPpu50
4801,mqs0D0Q
1820,5CyJwBH
3368,qHS5r6T
4004,VVAeZHA
1952,DflhfQp
1690,PJeZ5mH
2019,MaPlsuV
1152,prVNmWK
3501,nYrOF1p
1902,yQwtEhi
5337,1o0gMm4
1105,wO4IFqP
5539,iGeKvmW
3355,ZnntZKB
5118,6sYarDg
5421,Jyi3GNi
2230,r4lTM1a
4293,BTrPsqj
5345,uxLJSPj
1644,Z5WnvOl
1020,FcJMtPz
2497,HN4vYbo
2989,kVgfRJj
3079,jMVwxJC
1604,51DY8YE
3725,EIWAnaH
1814,yFHQUwX
4715,aO0pJnM
3552,PoLOD3p
1990,WzKO8I4
2207,ShEaEfq
1687,TXGpo7Q
3766,fKbIVKR
5403,PTkrzvm
3011,13maUEY
3401,gpoOYSc
4474,GV19UdU
3449,KgZZyjr
5021,1lQ3UTB
1110,2xjDyMh
1570,gsutFOE
4026,Br2mMHT
3440,AJlmKBf
5630,bNg8Q4D
1193,OHqwMfN
1527,ESipBf8
1242,mxTF4ol
4178,1YtgGWV
1487,Ct0F4Xe
1398,qm9ELjF
4065,MvF3hpH
3499,uKS5dmI
4107,FKUHewa
3614,tW9RpFL
2630,Xr4FkTh
5610,Ddpz73v
5848,DIq2DVN
4038,MxaOV11
5796,gPDRCHW
4311,uTy4KEm
2787,N59a92k
3060,BTybWVB
1011,9DcyY1L
1917,A2dIw5K
4988,c0Vlg25
4238,bprhZ0V
2908,g8waWuS
4071,UM3Yzk2
5933,pLkvfda
4921,zEwJYhC
3006,Trf2kj1
4052,npS4mrw
3694,j5T9Uqr
5262,5ihoE07
4042,upbH474
3131,HZBTp85
4628,NI2N8u7
1806,AHN8cV6
3711,sXvYLAt
1947,66pnKUO
2177,ocrMFhc
1379,LELxUBj
4726,MIw5Fg6
3306,Oj371ek
5278,USEbqt4
1171,ItiC6SR
5349,SsXMFmB
1212,k4zOyBN
2250,NVzXO8p
4214,gXs0qW6
1971,9z2YsXy
2405,pT2Ioru
4594,FadX4Kk
5100,ZBn1CMY
1222,UuazR2k
1948,i84BLAd
5551,B6H6q9i
1263,8Pvd32o
1996,Xa85ZB5
1997,8vxMFLK
5771,aJ4gDGc
3509,hCVRwCO
2639,DSb0M4J
5724,fSUiX3v
1460,dYvJDTi
3966,vEyfylO
2355,aJI3LJl
5144,LUJvVmt
1983,2EwGWQd
3630,cgHxuJS
4724,xyhnJjj
2792,omJxXSC
2045,GeM7F7H
4112,MnnJLmz
1081,9KkWGp3
3027,Knd5SGa
2863,HAPKt2D
3357,Zz7B0Be
4861,7JRBpMQ
4818,qfEm3Ge
3400,1J4SP1v
1540,3rrJqNM
4422,SzDIWBX
3261,6l8wHI8
3267,eCiJ4aa
5496,DeF5jzK
4526,AEqaVZ1
4340,CRy9apo
1590,yerkUzG
3635,MByQZur
4630,zng5sZi
1935,sn94yYi
3431,v6xqqfe
1255,HLwHVrH
5480,SMrxXPv
4159,YQFfyVl
5094,K8Zu699
5535,eMYMVnI
3323,1KVkzwN
5841,gTQSeCL
4734,569VoEG
4737,cvx9I8O
5390,hjzS2Aw
1052,Z4nMEPV
2838,NKHsiYr
2243,wJmDDUj
2634,KrGih5E
3066,ll4yidw
3645,j0VdYZn
5751,1JP7Mmj
3650,srpUUJj
5974,JOsDKcj
4079,SLybRXN
4561,Ao7YGBz
2778,eJUbqIw
1103,BgqdbHp
4174,wBt9nj7
3037,y29y84S
5041,oCHLVYp
2845,Q7tnjDI
5832,pJhNNaG
1029,M7jG574
2159,bwmjGQP
3716,e1sRa5V
2254,2mDOjGv
3008,aB3Ftph
5339,DuK6D0V
1018,s3DVEeX
1208,eN8EoBE
4355,C7G1XVM
2237,vb8PGeT
2732,6w1TJYY
4717,oAOebdJ
1737,VCeUr3M
2963,Ybm0Gn2
1603,lgZBH9e
2691,ZC91bVq
5899,v0GSgpi
1381,QG0zdsd
5923,6eimArO
3341,NMoqYeZ
2780,8ZY2KMd
5829,U4NlfqK
5631,SW7nEkE
5124,5csBHa2
3976,9VdWvgE
3303,IS3MQhr
3233,kIbp9hH
5781,4rE4DCy
1595,hBuLR3F
4650,WrLBemd
4696,gxFfABu
1167,KFES26q
3082,n66ySvJ
3153,Pl3fqOq
4122,Q0MBU54
5434,6JsZUKw
1359,otzDFlp
5653,H2xMRpN
2859,yppYxpn
1308,CLnqSxh
3864,cWGStkg
2742,BQdxvqj
5395,9rMLZMW
3094,e0oalyK
1888,BFMqxkS
5359,tNwyUgM
3693,eigmRAo
3277,iwYX4rW
3881,52EXJsa
2587,6O0BcCk
5069,w7iVdBN
4657,1qImgSz
2728,mEvJmYo
2021,isCRoJO
5483,73EHoA2
1811,lZhdE1S
3025,rJTHvvL
2847,w62VvFL
4950,fbClpEV
5277,vxYuanA
2718,Oz6RHBl
3890,NfFxw8c
2623,kQVsJFj
1299,i1CdMDx
4791,t93M0Rj
5849,3TxVMQM
3532,UaOBqbn
5604,bhG5T4o
2518,fXZjqhi
2034,kLHZNR5
5731,YqLcuwc
1354,6l10BYp
1531,LBULo5k
3569,j7RLoJc
1272,61qLbAK
2081,hVjiiZH
5161,5ngTwIr
4605,ojX3OLc
3905,GrGwTLr
1269,Cyj0QVJ
4088,y73B3VW
3568,xO7N8o0
4546,du7u4zS
2920,RDnfjwF
3204,60RluWj
1744,GrOdbDO
1975,J7IEnHy
4146,nJFLY6R
5733,MSZtAQo
3605,4NEvYGa
3838,mhrCZwA
5503,08M11Q1
2272,Kx4mGMb
5907,H6zYcqo
5121,jjAkoPI
1164,nMUUWGO
2306,bbDEU28
4550,ZEWAQaG
3090,tAhgGSy
1370,pC3uFVR
4247,dw6NhW2
4016,reQzHv1
5549,ROX5yJk
1779,n3YlQXR
1871,d2yGk3i
4332,Ar1HmSy
5246,ELhzs7S
1593,GJglvvR
5520,8vj3uUI
4707,4jx7r19
4790,81cjNwT
1021,BBBoep6
5522,4iEl6T1
1615,a5X3PWb
3434,r0Zuhve
1224,4phpuTc
2598,hZ9J5cm
2672,hYBVPqW
3348,uvCIbwf
2547,6JbceYb
3115,GXBCTlE
1573,n3tuiUM
5234,5GDqw6T
2163,ZzwWE0l
5265,U5N8dOi
2117,tZcUCfG
1144,nbdpsec
3337,M9wLrU8
1415,Ngu7N7M
5920,DOUS7F9
2127,lO0cw8L
4303,YJ0FQng
4795,V2NFNjO
3825,cOwBDdy
5721,1WOwtW9
2767,zIhwY06
3483,nTf9epc
1857,by06x37
1410,MNV3DR9
2129,kdvgfVR
3010,67AU5He
5959,jJ9vDH5
5773,0C9OKIs
3737,Gpppn1K
5263,AFkEY0a
1656,uMCJ7q8
1762,eq3Go9a
4189,TKjTQWr
3152,VMoYqau
1671,oA10t5p
4904,xW71LAM
5603,e7SHt5s
2384,jGVT3V5
3912,TuBFCzn
5322,6vKYneJ
3577,1OI8ZS8
4447,iPft8YJ
1802,6L0j3Qs
1458,QlbZGtn
5018,fbzs3aY
2649,lzuAykq
4418,A6GkG7L
3782,FbGVEFm
4762,BfJNCB1
3561,b9depAn
4763,3NzTflh
2510,u6RCSVU
2834,zB7EYIx
1347,OlDIR0o
2651,lIuKsIM
2496,scaqcWJ
2175,SrAWmTC
3129,OKQ7Wfg
5465,aOspmh6
1698,rpERI33
5070,FtlchM8
3677,S0Rtlza
1989,yUMTbAI
3810,peiIaSC
2371,jHJRbMb
3519,CS1rfTn
2101,AfCieaR
1576,kTbtlg0
1685,qQpAEcu
5336,NuPYFii
3818,PQ7Ud3Y
1774,UbVsmZp
2808,neMY9pT
1277,Fo9wCyg
5686,3UiiwB9
5451,ILpfOWE
4489,10PLTeA
5812,ZyGiZRT
2208,4VJH0si
4040,o6d9Csw
5865,ORHuqJt
4637,GFUMVCN
2358,FitRkSy
5498,GfraH3x
4056,1IaGeLc
3001,RMtS4wM
5628,xuj69XR
3925,AF0eOuu
3750,WrGesvS
5878,38jp9UD
1179,TcpwChn
4346,ffGRdyM
2418,0Ol2TXB
5047,GqoI9np
5951,Ik0k7pB
1326,x6juC6y
2112,uep5pyF
4671,oCMPzW2
4815,qd7MBdP
5938,6FtCQNC
2945,bA35ir0
4623,iJqFURH
1830,R8sWZXq
4997,K3MJDGn
3097,78NZRek
2695,fs3AsmR
1078,NrqH38d
2825,CJwkLwT
1756,4Yz9QBJ
1629,RtwLqNv
4903,eX8eGOq
1580,b3rieYQ
5493,FZFqdZe
2431,w2UYizU
5664,HujERdk
3118,5PAcNsI
5914,HAtpCK6
5239,GJw8z3R
4505,nvAES97
5142,lxOqFyH
2905,wlIYdYO
3089,wpvWLsq
4504,fg95AHJ
2303,RexWSjl
1421,UAMvcdr
4203,Ct7F2zp
4127,nGsZ3eS
4956,w4jUFUN
4168,mqrVOBN
4545,TWxSMsM
2513,yKJ7nAC
3214,nvoGBLb
4173,myUYPRz
4963,lgcXK4U
2222,1WNE80Y
5753,tLLxu7d
3043,kvIgjKe
3196,4ysu7g0
4949,pEPwi9e
3350,xJJav1u
5360,JYhLmYe
5886,PYHw087
1621,1QjiNbI
4991,atcLITA
5085,3crDe3w
4731,cutwj65
4308,rvnYOri
4614,daFevlA
2562,qWg8YyA
4458,KLE9bui
2555,kTDXY7b
4231,uxzgdJJ
5939,agrJsa5
2209,XxV5A3T
4823,D1lxoHv
1801,7wxTatK
1082,zSuvZbY
2506,1he1X0Y
2833,B6auJm0
4870,EUgWsuY
4130,QgGPyuD
1959,YnFwlnN
5900,SyRRbLG
3952,wHZfVcV
5500,dmefUJU
5597,7h2ooe2
1748,3j8U0dW
5755,nVUIgY8
1505,Srd7Gu2
1363,ZaYHTJp
1297,bwSeamY
3162,EALmDMS
5039,2g1zhVn
5093,xPuMxUf
1851,oRYz91a
5227,C6c83Bf
5908,lDYPRbz
5611,ehWCp1C
4748,iXBlBCV
4461,i4zjBGQ
4373,TojyKED
1306,NtLKvVm
3373,zMTo1RA
3228,jCjxtWt
1635,PsSPsNR
3457,uywzwa8
2721,riBrE6q
5344,hEAp8bY
2455,PsoTDtr
3762,Lh52rFy
3682,91qfXcg
1773,rHDvvWe
3792,nBDQ5ms
5141,PcSCziR
4926,hbEU253
1815,FRx8s58
5279,U0ygDQc
5531,xaSqVxU
5943,CCvQjmk
5774,jRFOVlT
2278,7CGLJIo
4588,0CvZ9MD
2134,6rrPwZw
1168,pIpX3yM
5589,pvXy1Ok
2648,CG0DiIC
2313,bvVE7w5
3166,xOMBPJF
4743,l4qrNJt
4334,OWOFxpa
5078,uzmqgT0
4100,qzjkNpG
1520,ivcEoCe
4101,4dssIhc
4381,8trNFV3
1062,RygaLel
1751,Bbrgfcb
4274,MmIuD5V
3299,yd6WJlu
3697,lFexPmK
2150,ovpuFgf
3210,l6Vh0D2
1165,a6knPTi
2700,YvKRYDn
5642,GbhKh2w
4028,9NTmcwW
3139,FYih4PJ
5115,k83Xu5a
5580,dJY3ZXb
5125,p9qB1q5
4362,1ZNvfaP
3160,xwdAcZG
4470,RgrEpRP
2414,2IJcDFZ
1799,P9n6kcu
4816,x69quf4
5430,0XWFc9q
5402,fMGaU0o
5308,p7QFtNH
4841,AgIgQEB
4242,iCRD1mO
1591,anGfbGM
6000,omo6FLO
1993,1gYWSJ5
3988,4ccWXGN
1389,JElk7Oq
2400,euDrg0U
5864,I9lLDcs
2551,xaikgnc
3521,48h63Gn
2424,Gi40TBF
5211,tRbwEYJ
3669,FUoVzzr
5378,FvY8doI
1147,qsIN9x1
5577,2tKxANF
5107,ZTqDNlh
5044,ENEIgoR
1904,WZM41KM
2233,s0XMVbl
1533,ouYRl19
4725,bDo08nr
3419,U7VR4c8
1471,Z4iVcUW
4072,TZ8WrHa
4797,Nol2200
5538,MEbEKVb
5986,ycXahaW
2228,Pqt8SaI
3356,qivlzAZ
4893,aOXSTcp
2552,2WyNSnm
4855,BRQpUWj
4131,VS22Vai
1780,aKRR1sm
4320,w9K1iJC
5926,bfRlVUA
3300,Xurze6M
5962,CwBjrOJ
2263,8qGIHkB
3179,QnPiMvP
2460,evFdOYu
5177,4ixr4P2
3220,RPy2GII
1831,gssJDVX
5999,COQx9PV
1294,GvEJXM1
2478,JvWYA9K
5481,79HELFt
4901,zU0fPIw
3316,EqhLmcz
1765,6heiHmv
2749,nhTmXr9
4250,vcPywlv
2182,4jH83L9
3478,z5xpBY4
2388,FfT5l1n
1793,eZLN0vS
3342,qelf7RF
1758,a9RQHXe
3814,DHkm4d5
1055,JWDWub1
5486,ymc6jWR
4871,lmDfZJo
4481,oUUPL04
5184,jzz1A10
2981,s1QHkrp
1431,dvNqKW9
5432,w4p6SiT
5235,RCfsBZY
4226,fUhsXzu
5725,IMTT6OB
3477,hQs2jpZ
2072,H3BKmLp
2267,k53DjTa
5609,F1Qjg3t
3256,Clxte77
3441,CcExq1R
1911,MBPe33l
5786,OOyCyaI
1257,YJex9zb
3462,2N5tjeL
1746,S19hlUD
4295,muCCyug
1044,nVI9UDc
2408,GH8mSZx
4456,PKicJUo
2611,zcNNgOr
4937,QJ3pVUY
5130,j55reQa
5046,o5zTYSl
2996,9Nbqj3B
4319,e9tK58x
5667,HRHKbkR
3666,xRttbLe
2382,hlekdon
2689,8kysWP9
2888,a463HCl
5613,fomfvMb
4207,a9IwwxC
1068,bjheKL1
3105,HyYAFcN
4532,vck5JFe
3474,aztSOBV
1800,9p5Vu5J
1461,QfN9lIk
3970,opLZvsF
2472,LZ7JDTX
4157,lQ6zyqu
5514,gy8C5Xk
4538,ReWkklq
1625,VDMgWxv
1633,hwDHh6E
5828,MxE12Yn
1500,g7rLYv8
3279,btjiiqE
3875,3kwj7kF
5629,dTxOxGM
2315,xXDoqel
3295,2x2oWVR
2736,hAgmywq
3489,eoFMjgi
5193,hFUjmVa
5303,Smnt4kU
3336,KTKRN8W
2617,6uT1FTY
2683,TYvP0pM
3887,NV2oydA
5147,jGENRCl
2213,UymJqJA
3194,4Yg2MnE
5270,hlfd5P0
4711,qDj8Vjo
1599,Tej7N9j
3699,CTgMG1b
4484,7a99HxZ
2403,6NVN7kT
4288,mZIj7j4
1568,45zONza
5957,3EfH0Ny
3780,Gkxtr5f
1875,4KYkylB
4900,HChIf3N
1832,KTHZmPP
2659,t52W008
5456,IO7Egtm
5530,oFaiA9U
3387,Nopcrhi
5557,47aJQjs
5433,aC6F4FA
1017,JmOFOj1
3632,sQMyRLZ
5258,W3LX6Dp
3547,ZXXhbyq
4330,Fm5m5K2
3877,QKY8Dkz
3977,W8cmXwb
4035,r5tqvwE
3378,u3zAYiq
4955,1f8gc3n
3485,fwMaVIn
4976,GScbSGe
4910,fZLwTcF
5244,mDYlhsc
2494,EdCmgw4
2212,eQWeyci
4201,70u0mHH
5310,vK77edS
3832,t55Nx8f
4478,v53KgBs
5741,s303hWi
4033,LXj4mRC
4600,VF5ex2u
5906,sIRIkCV
2676,ap0iJnh
1624,c4m7dJy
1034,K9b0fnA
4222,5PWAxhU
3369,2F6hQRA
4013,8U8HzZF
2594,ph4thFi
1979,SLLeqYG
3844,hoY802Q
3805,qjwAKnU
1647,VFH5Lxk
1437,xIIDYJB
2425,gQp3nTV
4360,Fadzn6s
1424,1uMAa8I
3081,IL1WVtH
2352,tnZLFar
3955,S0TsNzW
2883,vNMybP0
4412,kRdVtoO
1789,dDjI8jZ
1258,PmhwejQ
1003,EMAcY9p
3836,7DiA4SH
2003,TCY4b0M
5190,v2K0o4m
1805,8E4V0zx
3088,tQrpHAS
4562,vjlKZ4g
5164,pWNLCBe
4136,HIy9EQS
4017,U0W4HWg
4294,BdePpAI
3056,4odncMh
5318,rVgyKER
4776,E7otajz
5033,YKjqId1
1934,x89Xq81
4299,SY2eLIu
3583,ZVtc7FV
3940,2dzj7RP
2311,Ygq3TrD
2224,iyPshqt
2743,O5saPpU
3114,JoTRlgy
3714,k4mK1Z1
1427,qF6fFn9
1049,ONhqMJB
2680,SJ1hhkD
3491,dR62Kn2
3861,Po2MB1A
3188,tYUyAcU
5860,btwbo1T
2296,MEx5PxT
3983,CdK3MRh
4673,V3IJKyr
2512,jZFdlhw
3819,cc96Tnr
5622,O3uxyOM
5268,xsGAMdi
1578,B0d3J8U
5554,WdxzLcq
4759,ZLLqw6p
1848,rdkUmOj
5295,aawxY4v
3775,uSXU6b6
4388,HfDbywE
3334,jc4Jxsf
1401,CAEX3RT
1713,Ra86NOo
4272,fVsFLD1
2310,DthcCBj
2229,zPXOA3C
4034,JjXtl78
4410,0Q8S5Td
3476,AX8s2r5
4824,AgLppSD
2288,feFI2mT
4142,J0akGPi
2340,pzrD5oA
4935,5r9JPBs
4798,65urXie
2274,oRTzGLG
5579,tlKvU1C
1019,ENiDt5e
3364,wYlfpwz
1577,wFnw9nV
2696,cnAsJ7v
5414,ebeSlqo
1251,LGKoRRG
2969,1Scvrus
2024,LvXx06g
2271,ugL2IlS
3222,OUi6eha
3735,0eEue4h
5917,5kBwfjT
5269,XAghQ3I
1949,clyRqRR
1550,t65eigY
5942,eq9ukeU
1555,BSkaqTu
5851,q2eNtQJ
5936,ibE8alt
5699,MRyHUb6
1434,4IHcWsi
2291,trCNCJR
5806,DTDNEJq
5921,q9iWqtH
3405,oMadHjj
2436,7Ln8PS8
4536,G2dGsel
5271,GfSXzU8
1430,tTOdMtP
4914,lWkAQo0
1574,SaqPM8S
3934,kPaLwTL
4646,XArOBKn
5745,ElSk9LA
4277,iuEHWZl
5991,n3xGLju
4126,vP6FIV2
3482,8asMKRq
1375,ikncuj5
2757,p1Xw4Wa
4325,gn2giFn
3486,8srV7RY
4246,h3UeeRz
2964,CcNaRdK
1399,yidb3jc
3903,Mj3OYHL
2367,NeeIsnm
5960,FwHEKtJ
3466,qSqtXJZ
1444,dMtvvKB
1502,Y7JR0aM
2668,2LAFw43
5300,46O3k4i
4141,ZnhaORp
2232,OiqoKeF
2439,ONuRpZp
4979,rAryL3k
4234,QuLUmgH
1322,K16fnxm
3962,T7kN9OA
3807,Gnkjbh9
2870,6jW9xoh
1041,vSiiag8
3202,QC5kVLs
2938,0Du1bHD
5947,yZqFqQw
2342,a9oAI6n
4471,140SyZt
3502,EeQabYZ
3946,oriXFJX
3470,HGJ3T9q
3512,X3gh1nc
3566,I1Ma7fC
5444,Ogy3TFx
3985,h9Ec9bB
5418,OX5F8Jf
3271,tlO27mi
1107,W1OPGUA
2462,GN2X0XP
5385,pdva9nt
4580,Pigxi1W
3874,UBfrUSu
5956,quSJszJ
3472,njUiaOR
2561,sCGKwdT
5443,COTzSIj
1051,PMr8YV7
1963,Kp3ddxr
4283,kg5s3Gn
3418,NJ150cS
3140,zevtnVr
5487,o7BggD9
3880,aFZh4wF
3637,K3JBEWg
2535,jVdKvcv
4454,no1Ycou
2879,xibd7kG
5823,LoMmpyV
1754,LkdlQAm
2932,WsstW4n
4257,XVaQPmf
5259,6UjeSXL
4011,XnrYDkN
1470,ZHTcF1i
3184,UyGYWJa
5601,3Iyj4kD
2618,PLOfexE
3979,DNgU48i
5333,KGQP7p1
2586,mgZu6PZ
3039,dDvj5WY
3672,uPmcorS
5423,mHEuWQF
5685,9HsVCV7
1869,XQblEIo
1114,7ElyMgr
4770,CvhfM9U
3020,a1ZjpHJ
5837,7l9dIlF
2241,QTWaP5i
5964,YYf4xDa
2269,X49f02w
3991,qZCwVce
2602,o9K66yb
1905,gSPCTBK
1741,CvbrLCE
1121,cYdqEAm
4983,UpQwFBE
2857,jVk7Rah
3736,rhUOw78
2673,fOQIWYS
5282,hC5eNEO
2616,UbpOxH6
2179,Mz3qmsT
3939,jNoFWKh
4739,dfzWEmH
2826,DhmNYbJ
5689,bZqrhmA
1864,DThafnz
1115,ic8o5eU
1775,FMDNOM9
5128,9GOnbR9
3770,UgJHCWD
4133,zAIwFKp
3718,eVI8KaQ
2075,ZcoQxtS
2020,RwFZj3u
2169,AK3ZuZP
3250,hg5mBB9
4090,gQTV6kk
5192,uu103Rf
3380,gyhjyhq
2389,1gbpXWT
4576,zE2hgiC
3839,znkwqz5
3325,0aQRYXq
1611,SoGFVcO
